<?xml version="1.0" encoding="utf-8"?>
<Scene xmlns="http://www.quarcservice.com/schemas/visualization_scene_file.xsd" Version="1.3">
   <SceneParameters>
      <Mouse>
         <Forward Button="wheel" Direction="forward" Speed="0.002"/>
         <Left Button="right" Direction="left" Speed="0.002"/>
         <Up Button="right" Direction="backward" Speed="0.002"/>
         <Roll Alt="true" Button="left" Direction="right" Speed="0.002"/>
         <Pitch Button="left" Direction="forward" Speed="0.002"/>
         <Yaw Button="left" Direction="left" Speed="0.002"/>
      </Mouse>
      <Camera ClipFar="10000" ClipNear="0.1" ViewAngle="45"/>
      <Light Ambient="0.314 0.314 0.314" Background="0.678 0.922 1"/>
      <Window DisplayMode="window" FrameRate="30" Height="768" Left="0" Menu="true" StatusBar="true" Top="0" Width="1024" WindowPosition="center"/>
      <Fog Color="1 1 1" Density="0.5" End="50" Mode="none" Start="25"/>
      <Keyboard>
         <Translation Backward="s" Down="q" Forward="w" PanLeft="a" PanRight="d" Speed="1" Up="e"/>
      </Keyboard>
   </SceneParameters>
   <MeshPool>
      <Mesh Filename="x3d\infinite_plane.x3d" ID="mesh.infinite_plane"/>
      <Mesh Filename="x3d\qball_frame.x3d" ID="mesh.qball_frame"/>
      <Mesh Filename="x3d\qball_propeller.x3d" ID="mesh.qball_propeller"/>
      <Mesh Filename="x3d\skybox.x3d" ID="mesh.skybox"/>
      <Mesh Filename="x3d\sphere.x3d" ID="mesh.sphere"/>
   </MeshPool>
   <TexturePool>
      <Texture Filename="images\skybox_tropical.png" ID="image.skybox_tropical"/>
      <Texture Filename="images\grid.tif" ID="image.grid"/>
   </TexturePool>
   <ObjectPool>
      <Object ID="object.infinite_plane" Mesh="mesh.infinite_plane" Texture="image.grid"/>
      <Object ID="object.qball_frame" Mesh="mesh.qball_frame"/>
      <Object ID="object.qball_propeller" Mesh="mesh.qball_propeller"/>
      <Object ID="object.sphere" Mesh="mesh.sphere"/>
      <Object ID="object.skybox" Mesh="mesh.skybox" Texture="image.skybox_tropical"/>
   </ObjectPool>
   <ActorPool>
      <Actor Color="1 1 1 1" Emissive="0" Emissivity="0" Fog="true" ID="actor.infinite_plane" Object="object.infinite_plane" Orientation="0 0 0" Position="0 0 -0.01" Priority="9" Scale="1 1 1" Specular="0 0 0 0"/>
      <Actor Color="1 1 1 1" Emissive="0" Emissivity="0" Fog="true" ID="actor.light" Object="light" Orientation="0 0 0" Position="0 0 150" Priority="0" Scale="1 1 1" Specular="0 0 0 0"/>
      <Actor Color="1 1 1 1" Emissive="0" Emissivity="0" Fog="false" ID="actor.skybox" InheritOrientation="false" Object="object.skybox" Orientation="0 0 0" Position="0 0 0" Priority="10" Scale="100 100 100" Specular="0 0 0 0"/> 
      <Actor Color="1 1 1 1" Emissive="0" Emissivity="0" Fog="true" ID="actor.dummy" Object="dummy" Orientation="0 0 0" Position="0 0 0" Priority="0" Scale="1 1 0" Specular="0 0 0 0">
         <Actor Color="0 0 0 1" Emissive="0" Emissivity="0" Fog="true" ID="actor.qball_frame.shadow" Object="object.qball_frame" Orientation="0 0 -0.78539" Position="0 0 0" Priority="0" Scale="1 1 1" Specular="0 0 0 0"/>
      </Actor>
      <Actor Color="1 1 1 1" Emissive="0" Fog="true" ID="actor.qball_dummy" Object="dummy" Orientation="0 0 0" Position="0 0 0" Priority="0" Scale="1 1 1" Specular="0 0 0 0.1">
        <Actor Color="1 1 1 1" Emissive="0" Emissivity="0" Fog="true" ID="actor.camera" InheritOrientation="false" Object="camera" Orientation="0 0 0" Position="-2 0 0" Priority="0" Scale="1 1 1" Specular="0 0 0 0"/> 
        <Actor Color="0.2 0.2 0.2 1" Emissive="0" Emissivity="0" Fog="true" ID="actor.qball_frame" Object="object.qball_frame" Orientation="0 0 2.35619" Position="0 0 0" Priority="0" Scale="1 1 1" Specular="0 0 0 0">
            <Actor Color="0.8 0 0 1" Emissive="0" Emissivity="0" Fog="true" ID="actor.qball_propeller.4" Object="object.qball_propeller" Orientation="0 0 0" Position="0 -0.133 0" Priority="0" Scale="1 1 1" Specular="0 0 0 0"/>
            <Actor Color="0.8 0.8 0.8 1" Emissive="0" Emissivity="0" Fog="true" ID="actor.qball_propeller.3" Object="object.qball_propeller" Orientation="0 0 0" Position="0 0.133 0" Priority="0" Scale="1 1 1" Specular="0 0 0 0"/>
            <Actor Color="0.8 0.8 0.8 1" Emissive="0" Emissivity="0" Fog="true" ID="actor.qball_propeller.1" Object="object.qball_propeller" Orientation="0 0 0" Position="0.133 0 0" Priority="0" Scale="1 1 1" Specular="0 0 0 0"/>
            <Actor Color="0.8 0 0 1" Emissive="0" Emissivity="0" Fog="true" ID="actor.qball_propeller.2" Object="object.qball_propeller" Orientation="0 0 0" Position="-0.133 0 0" Priority="0" Scale="1 1 1" Specular="0 0 0 0"/>
         </Actor>
      </Actor>
   </ActorPool>
</Scene>